tsuchiya_happy_001|また東寺のように五大明王と呼ばれる主要な明王の中央に配されることも多い。
tsuchiya_happy_002|ニューイングランド風は牛乳をベースとした白いクリームスープでありボストンクラムチャウダーとも呼ばれる。
tsuchiya_happy_003|コンピュータゲームのメーカーや業界団体などに関連する人物のカテゴリ。
tsuchiya_happy_004|サービスマネージャー導入駅のため大井町駅から遠隔監視している。
tsuchiya_happy_005|シルバーサーファー襲撃事件までにリチャーズはチーム名と共に国際的にスーパーヒーローおよび有名人として認知されている。
tsuchiya_happy_006|ツュレンハルト領はヴュルテンベルク領に編入された。
tsuchiya_happy_007|時間領域と空間領域で共通する処理手法はフィルタリングによる入力信号の強化である。
tsuchiya_happy_008|シャンチーの専業プロはチームから支払われる給料と対局費を主な収入としている。
tsuchiya_happy_009|また禰寝氏は中山王の治める琉球王国との交易にも参加した。
tsuchiya_happy_010|スマートフォンからフィーチャーフォンまでマルチデバイスに対応。
tsuchiya_happy_011|軽妙洒脱なナレーションから情緒感溢れる語りまで幅広い表現力を持つ。
tsuchiya_happy_012|構造は鋼製の単一アーチで橋脚は石積みである。
tsuchiya_happy_013|そこへオーナーが新しいシェフとして腕利きのヒョヌクを招く。
tsuchiya_happy_014|クィーンズアベニューアルファに所属している。
tsuchiya_happy_015|一方で漁業と商業でリャネス港は繁栄していた。
tsuchiya_happy_016|このニューサウスウェールズ代表チームがワラビーズの中核となって行く。
tsuchiya_happy_017|ただしギャンブル依存症の入院治療を行っている病院はわずかである。
tsuchiya_happy_018|他のメジャーなディストリビューションに比べセキュリティー上の問題の修正が遅い場合もある。
tsuchiya_happy_019|ベルガートーア前のヴェディゲンウーファーパークには戦争と弾圧の犠牲者のための記念碑が建っている。
tsuchiya_happy_020|全米パブリッシャーズ協会のベストストラテジーゲームオブザイヤーを日本人として受賞。
tsuchiya_happy_021|痛みは点滴より鎮痛薬を静脈投与することで鎮痛を行う。
tsuchiya_happy_022|このときに浮遊大陸プルヴァマにある中立国ビュエルバがある情報筋からバッシュ将軍の処刑と前王女アーシェの自害を発表。
tsuchiya_happy_023|南西部ウォーレンはベイアーマンファームズとフィッツジェラルドの地区で構成される。
tsuchiya_happy_024|このためプラズマ中のイオンや電子の持つ平均運動エネルギーを温度で表現することがある。
tsuchiya_happy_025|その飄々とした人柄が老若男女に慕われている。
tsuchiya_happy_026|現在ニュージャージー州ムーアズタウンに住んでいる。
tsuchiya_happy_027|町域にあった三根山藩は長岡藩に米百俵を送ったことで有名。
tsuchiya_happy_028|このときペリメーデーはアムピクトリュオーンに同行してテーバイに来ていたリキュムニオスに妻としてあたえられた。
tsuchiya_happy_029|現在の滑走を目的としたスキーブーツは硬いプラスチックシェルと柔らかいインナーブーツからなる。
tsuchiya_happy_020|防氷ブーツは表面に張られたゴム製の薄い膜でできている。
tsuchiya_happy_031|後者の代表がウェッジウッドのジャスパーウェアである。
tsuchiya_happy_032|キー局が発信するニュースネットワーク名を冠したタイトルのニュース番組の中ではレギュラー放送が最も多い。
tsuchiya_happy_033|芸能プロダクションアミューズのグループ企業。
tsuchiya_happy_034|長母音を省略してエリュシオンとも表記される。
tsuchiya_happy_035|森永のおいしい牛乳は濃い青色に牛乳瓶をあしらったデザインのパック牛乳である。
tsuchiya_happy_036|番組冒頭を東京ムービー製作のアニメーションで表現する点も共通していた。
tsuchiya_happy_037|コミューンはセーヌ川とエソンヌ川の合流地点となっている。
tsuchiya_happy_038|同時に福井ミラクルエレファンツにコーチ兼任で入団することが発表された。
tsuchiya_happy_039|夫である小室が救急車を呼び都内病院に緊急搬送される。
tsuchiya_happy_040|ギレスピーはマッギーを通じてイネスと知り合った。
tsuchiya_happy_041|フォンテーヌブロー様式では寓意的な絵が漆喰のモールドに使われている。
tsuchiya_happy_042|祭神はヴィシュヌ派の聖人スワーミーナーラーヤン。
tsuchiya_happy_043|ハーデースがペルセポネーに恋をしたのはアプロディーテーの策略であるとされている。
tsuchiya_happy_044|クウェーンバーンチャーンは小さなコミュニティーで農業や商業を中心に成り立っていたと考えられている。
tsuchiya_happy_045|ヴェーザー自転車道やミューレンルートに従ったサイクリングツアーはペータースハーゲンを経由する。
tsuchiya_happy_046|フォーミュラカーは通常オープンホイールでシングルシーターである。
tsuchiya_happy_047|同日朝に大阪難波で出発セレモニーが開催され営業運転に充当された。
tsuchiya_happy_048|そしてインデペンデント紙の読者投票で選ぶプレミアリーグ最優秀ゴールキーパーに選ばれた。
tsuchiya_happy_049|プレイヤーキャラクターは宮殿を占拠した邪悪なクリーチャーに遭遇する。
tsuchiya_happy_050|フィールドマーケティングは歴史的には一方通行のコミュニケーションツールとして考えられてきた。
tsuchiya_happy_051|デビュー後の数年間はベビーフェイスとして本名で活動。
tsuchiya_happy_052|学校や病院などの給食業務で栄養素を計算する上で重要な資料のひとつである。
tsuchiya_happy_053|当時あやしいわーるどに常駐していた擬古猫が空白にて発表。
tsuchiya_happy_054|裕福なニューヨーカー達はグレーヴセンド競馬場やシープシェッドベイ競馬場などに集い海沿いの高級レストランやホテルを利用した。
tsuchiya_happy_055|ウォリアーズミックスマーシャルアーツアカデミー所属。
tsuchiya_happy_056|ところがエリュシクトーンはニュムペーの制止も聞かずにデーメーテールの樫を切り倒した。
tsuchiya_happy_057|このジェシー役でステイモスはエミー賞にノミネートされたこともある。
tsuchiya_happy_058|スウェーデン移民の両親の許にマサチューセッツ州ケンブリッジにて生まれる。
tsuchiya_happy_059|球宴のファン投票でも人気が偶像化していた長嶋茂雄に肉薄する。
tsuchiya_happy_060|母はピーターマリッツバーグの精神病院に入院しているときにベッシーを産む。
tsuchiya_happy_061|ポイントガードからスモールフォワードまでこなせる総合力が高いユーティリティープレーヤーである。
tsuchiya_happy_062|グレッグはミシシッピ州アバディーンにあるオッドフェローズ墓地に埋葬されることになった。
tsuchiya_happy_063|大当り終了後はグラディエーターチャンスに突入する。
tsuchiya_happy_064|この菌による病気は灰色かび病と名づけられているものが多い。
tsuchiya_happy_065|レギュラーメンバーの顔写真をクリックした後にムービープレイヤー風に再生されるという特異な形式となっている。
tsuchiya_happy_066|肝臓への酸素供給は肝動脈と低圧系の門脈を介して行われている。
tsuchiya_happy_067|デッドキーはタイプライターやコンピュータのキーボードにおける特殊な修飾キーである。
tsuchiya_happy_068|シャンシャン馬は鵜戸神宮へ参拝する新婚夫婦が乗っていた馬のこと。
tsuchiya_happy_069|ブルーリッジ山脈の源流からリッチモンドまで多くの早瀬や淵が釣りや急流くだりを楽しませてくれる。
tsuchiya_happy_070|ボーハンはイーストマンらギャングのスピークイージーの上がりから賄賂を取っていたとも噂された。
tsuchiya_happy_071|ペンシルベニア州フィラデルフィアの郊外ウィンウッドのランケナウ病院で生まれた。
tsuchiya_happy_072|ブラッグはビューエル軍よりも劣勢だったためにこの機会を生かすことを躊躇した。
tsuchiya_happy_073|上院議員としてバーンウェルはカリフォルニア州の連邦加入に賛成した。
tsuchiya_happy_074|レジェンドシリーズをベースにヨーフリー機構を備えたビューカメラ。
tsuchiya_happy_075|楽曲のセンターポジションはAKB48の高橋みなみが務めた。
tsuchiya_happy_076|ディオニューソスの寵愛を受けるオイネウス王と妃アルタイアーの間にカリュドーンの王女として生を受けた。
tsuchiya_happy_077|大西洋上の巡航高度から動力なしで地上へ滑空飛行し緊急着陸に成功した。
tsuchiya_happy_078|表現行列の指標表を分子の対称性を表す点群の指標表を用いて既約表現へ分解する。
tsuchiya_happy_079|大洋漁業オーナーの中部謙吉の命を受けてプロ野球球団の大洋ホエールズに関わる。
tsuchiya_happy_080|かすかに聞こえてくる1931年版の讃美歌が次第に大きくなっていく。
tsuchiya_happy_081|モーイーデーン岩壁地域の上部はプラーサートプラウィハーン寺院遺跡へ繋がるタイ側参道に続いている。
tsuchiya_happy_082|カーミラ星と呼ばれている惑星から宇宙船に乗って地球に侵入した宇宙人。
tsuchiya_happy_083|ドッガーバンクはタラやニシンの漁獲量が多い重要な漁場である。
tsuchiya_happy_084|少年時代はロシア帝国チェルニーヒウ県プルィルークィ郡トロスチャヌィーツャ村で過ごした。
tsuchiya_happy_085|遺灰のほとんどはスウェーデン西海岸のブーヒュースレーン地方の小島にある漁村フヤルバッカ周辺の海に散骨された。
tsuchiya_happy_086|国境を越えて列車は改良された在来線に沿ってアーヘン中央駅に向かう。
tsuchiya_happy_087|福岡ダイエーホークスではなく長距離砲の補強を目指していた大阪近鉄バファローズからオファーを受けて入団。
tsuchiya_happy_088|そこには百ドル札とアメリカに来いという短いメッセージだけだった。
tsuchiya_happy_089|現在はバッハをモチーフとしたハープシコードの作曲家として記憶されている。
tsuchiya_happy_090|戦闘服は両腕を露出し両脚がアンダースーツで覆われている。
tsuchiya_happy_091|同母姉にスウェーデン王妃ジョゼフィーヌがいる。
tsuchiya_happy_092|紫外線は表面エネルギーの小さいポリマーを接着する際の前処理に利用される。
tsuchiya_happy_093|自身のページでメッセージや公開コメントを通してレビューを投稿したユーザーとコミュニケーションを取ることが可能である。
tsuchiya_happy_094|若き日の反逆ゆえに宇宙の中央を追放されて惑星地球にやってきた主人公ベルゼバブが宇宙船カルナークのなかで孫に語る壮大な物語。
tsuchiya_happy_095|ジャガーとは対照的にボディービルダーを髣髴とさせるマッチョな体育会系の外見が特徴。
tsuchiya_happy_096|ペンシルベニア州ピッツバーグのアレゲーニー高校を卒業しカリフォルニア大学バークレー校に入学。
tsuchiya_happy_097|この概念の導入によって様々なバリエーションの流体のコンピューターシミュレーションが高い精度で可能となった。
tsuchiya_happy_098|乾ドックに入渠してオーバーホールすべきかどうかパフォーマンスがチェックされた。
tsuchiya_happy_099|デビューウェイトはスーパーバンタム級ではなくフェザー級だった。
tsuchiya_happy_100|アーリーは降雨の中を南のバージニア州ウィンチェスター近くのフィッシャーズヒルまで軍を退いた。